provider_id,true_state,fraud_type,scheme_id,fraud_start,severity,ring_id,truth_lines,truth_paid
P-0001,fraudulent,unbundling,S1,2024-11-01,high,S1,120,20301.11
P-0002,legitimate,,,,,,0,0.0
P-0003,legitimate,,,,,,0,0.0
P-0004,fraudulent,upcoding,S4,2024-08-02,high,,362,60888.33
P-0005,fraudulent,upcoding,S4,2025-02-05,medium,,68,11464.21
P-0006,legitimate,,,,,,0,0.0
P-0007,decoy,,,,,,0,0.0
P-0008,decoy,,,,,,0,0.0
P-0009,fraudulent,recruitment,S9,2025-03-03,high,S9,380,25758.88
P-0010,legitimate_anomaly,,,,,,0,0.0
P-0011,legitimate_anomaly,,,,,,0,0.0
P-0012,legitimate_anomaly,,,,,,0,0.0
P-0013,legitimate_anomaly,,,,,,0,0.0
P-0014,legitimate,,,,,,0,0.0
P-0015,legitimate,,,,,,0,0.0
P-0016,legitimate,,,,,,0,0.0
P-0017,legitimate,,,,,,0,0.0
P-0018,legitimate,,,,,,0,0.0
P-0019,legitimate,,,,,,0,0.0
P-0020,legitimate,,,,,,0,0.0
P-0021,legitimate,,,,,,0,0.0
P-0022,legitimate,,,,,,0,0.0
P-0023,legitimate,,,,,,0,0.0
P-0024,legitimate,,,,,,0,0.0
P-0025,legitimate,,,,,,0,0.0
P-0026,legitimate,,,,,,0,0.0
P-0027,legitimate,,,,,,0,0.0
P-0028,legitimate,,,,,,0,0.0
P-0029,legitimate,,,,,,0,0.0
P-0030,legitimate,,,,,,0,0.0
P-0031,legitimate,,,,,,0,0.0
P-0032,legitimate,,,,,,0,0.0
P-0033,legitimate,,,,,,0,0.0
P-0034,legitimate,,,,,,0,0.0
P-0035,legitimate,,,,,,0,0.0
P-0036,legitimate,,,,,,0,0.0
P-0037,legitimate,,,,,,0,0.0
P-0038,legitimate,,,,,,0,0.0
P-0039,legitimate,,,,,,0,0.0
P-0040,legitimate,,,,,,0,0.0
P-0041,legitimate,,,,,,0,0.0
P-0042,legitimate,,,,,,0,0.0
P-0043,legitimate,,,,,,0,0.0
P-0044,legitimate,,,,,,0,0.0
P-0045,legitimate,,,,,,0,0.0
P-0046,legitimate,,,,,,0,0.0
P-0047,fraudulent,unbundling,S1,2024-09-17,high,S1,1181,9497.96
P-0048,legitimate,,,,,,0,0.0
P-0049,legitimate,,,,,,0,0.0
P-0050,decoy,,,,,,0,0.0
P-0051,legitimate,,,,,,0,0.0
P-0052,fraudulent,recruitment,S9,2025-03-03,high,S9,570,6848.56
P-0053,legitimate,,,,,,0,0.0
P-0054,legitimate,,,,,,0,0.0
P-0055,legitimate,,,,,,0,0.0
P-0056,legitimate,,,,,,0,0.0
P-0057,legitimate,,,,,,0,0.0
P-0058,legitimate,,,,,,0,0.0
P-0059,legitimate,,,,,,0,0.0
P-0060,legitimate,,,,,,0,0.0
P-0061,legitimate,,,,,,0,0.0
P-0062,legitimate,,,,,,0,0.0
P-0063,fraudulent,duplicate,S7,2025-03-03,high,,45,16594.85
P-0064,legitimate,,,,,,0,0.0
P-0065,legitimate,,,,,,0,0.0
P-0066,legitimate,,,,,,0,0.0
P-0067,legitimate,,,,,,0,0.0
P-0068,legitimate,,,,,,0,0.0
P-0069,legitimate,,,,,,0,0.0
P-0070,legitimate,,,,,,0,0.0
P-0071,fraudulent,excessive_services,S5,2025-02-03,high,S5,1069,444931.6
P-0072,fraudulent,excessive_services,S5,2025-03-05,high,S5,55,35470.02
P-0073,legitimate,,,,,,0,0.0
P-0074,legitimate,,,,,,0,0.0
P-0075,legitimate,,,,,,0,0.0
P-0076,legitimate,,,,,,0,0.0
P-0077,legitimate,,,,,,0,0.0
P-0078,legitimate,,,,,,0,0.0
P-0079,legitimate,,,,,,0,0.0
P-0080,legitimate,,,,,,0,0.0
P-0081,legitimate,,,,,,0,0.0
P-0082,legitimate,,,,,,0,0.0
P-0083,legitimate,,,,,,0,0.0
P-0084,legitimate,,,,,,0,0.0
P-0085,fraudulent,upcoding,S6,2024-04-24,high,,127,47866.99
P-0086,legitimate,,,,,,0,0.0
P-0087,legitimate,,,,,,0,0.0
P-0088,legitimate,,,,,,0,0.0
P-0089,legitimate,,,,,,0,0.0
P-0090,legitimate,,,,,,0,0.0
P-0091,legitimate,,,,,,0,0.0
P-0092,legitimate,,,,,,0,0.0
P-0093,fraudulent,impossible_timing,S3,2024-06-12,high,,1934,250189.66
P-0094,legitimate,,,,,,0,0.0
P-0095,legitimate,,,,,,0,0.0
P-0096,legitimate,,,,,,0,0.0
P-0097,legitimate,,,,,,0,0.0
P-0098,legitimate,,,,,,0,0.0
P-0099,legitimate,,,,,,0,0.0
P-0100,legitimate,,,,,,0,0.0
P-0101,legitimate,,,,,,0,0.0
P-0102,legitimate,,,,,,0,0.0
P-0103,legitimate,,,,,,0,0.0
P-0104,legitimate,,,,,,0,0.0
P-0105,legitimate,,,,,,0,0.0
P-0106,legitimate,,,,,,0,0.0
P-0107,fraudulent,phantom,S2,2025-01-06,low,S2,39,3827.67
P-0108,fraudulent,phantom,S8,2025-04-03,medium,,147,14282.09
P-0109,legitimate,,,,,,0,0.0
P-0110,legitimate,,,,,,0,0.0
P-0111,legitimate,,,,,,0,0.0
P-0112,legitimate,,,,,,0,0.0
P-0113,legitimate,,,,,,0,0.0
P-0114,legitimate,,,,,,0,0.0
P-0115,legitimate,,,,,,0,0.0
P-0116,legitimate,,,,,,0,0.0
P-0117,legitimate,,,,,,0,0.0
P-0118,legitimate,,,,,,0,0.0
P-0119,fraudulent,phantom,S2,2025-01-26,high,S2,27,57703.62
P-0120,fraudulent,phantom,S2,2025-01-06,high,S2,35,15786.86
P-0121,legitimate,,,,,,0,0.0
P-0122,legitimate,,,,,,0,0.0
P-0123,legitimate,,,,,,0,0.0
P-0124,fraudulent,excluded_provider,EXCL,2025-05-01,medium,,0,0.0
P-0125,legitimate,,,,,,0,0.0
P-0126,legitimate,,,,,,0,0.0
P-0127,legitimate,,,,,,0,0.0
P-0128,legitimate,,,,,,0,0.0
P-0129,legitimate,,,,,,0,0.0
P-0130,legitimate,,,,,,0,0.0
P-0131,legitimate,,,,,,0,0.0
P-0132,legitimate,,,,,,0,0.0
