facility_id,name,city,lat,lon,licensed_beds
P-0061,Union Medical Center,Fairhaven,40.54577004456364,-76.01389607406756,214
P-0062,Union Community Hospital,Stonebridge,40.18131681476298,-76.39397644335995,345
P-0063,Riverbend Medical Center,Pinecrest,40.5640278234975,-75.9066045770187,97
P-0064,Cedar Medical Center,Rivergate,40.0965202986019,-75.35707968389278,312
P-0065,Granite Community Hospital,Eastvale,40.88806697176141,-75.70105567925117,338
P-0066,Willow Regional Hospital,Stonebridge,40.226618713955254,-76.35614242389691,211
P-0067,Clear Regional Hospital,Lakemont,40.83540609108517,-75.24835091457709,328
P-0068,Maple Regional Hospital,Eastvale,40.844311557041394,-75.71205458743874,232
P-0069,Maple Medical Center,Stonebridge,40.18964206085984,-76.36676099677715,358
P-0070,Lake Medical Center,Rivergate,40.14591379204674,-75.35349325533736,389
