provider_id,npi,name,family,specialty,city,lat,lon,org_id,address_id,bank_id,enrolled_date,context_note
P-0001,SYN9000000,Harbor Family Care,PRO,Family medicine,Rivergate,40.1477839446266,-75.17141655585448,ORG-A,ADDR-0001,BANK-0001,2022-02-23,
P-0002,SYN9000037,Lakeside Primary Group,PRO,Internal medicine,Rivergate,40.09442741604345,-75.35038215963152,ORG-A,ADDR-0002,BANK-0002,2020-07-21,
P-0003,SYN9000074,Eastgate Geriatric Associates,PRO,Internal medicine,Lakemont,40.83559997912054,-75.22322538850436,ORG-0003,ADDR-0003,BANK-0003,2019-09-15,
P-0004,SYN9000111,Clearview Internal Medicine,PRO,Internal medicine,Stonebridge,40.30287180848152,-76.44199178489,ORG-0004,ADDR-0004,BANK-0004,2017-11-24,
P-0005,SYN9000148,Pinnacle Primary Care,PRO,Family medicine,Fairhaven,40.58831280366123,-75.96078358391154,ORG-0005,ADDR-0005,BANK-0005,2022-03-02,
P-0006,SYN9000185,Westgate Pain Clinic,PRO,Pain management,Fairhaven,40.581679332795126,-76.05740496528588,ORG-0006,ADDR-0006,BANK-0006,2018-02-06,
P-0007,SYN9000222,Oncology & Hematology Associates,PRO,Hematology/Oncology,Rivergate,40.160597177161094,-75.32421785227965,ORG-0007,ADDR-0007,BANK-0007,2022-05-08,Oncology practice: higher-complexity visits can be clinically appropriate.
P-0008,SYN9000259,Regional Multispecialty Clinic,PRO,Internal medicine,Pinecrest,40.47470877490665,-75.90148006416189,ORG-0008,ADDR-0008,BANK-0008,2020-06-26,
P-0009,SYN9000296,Northgate Wellness Partners,PRO,Family medicine,Eastvale,40.13356665776613,-75.34893392697398,ORG-0009,ADDR-0009,BANK-0009,2022-07-10,
P-0010,SYN9000333,Falcon Physicians,PRO,Orthopedics,Fairhaven,40.574588880035975,-76.04786625211545,ORG-0010,ADDR-0010,BANK-0010,2023-04-02,
P-0011,SYN9000370,Oak Health Associates,PRO,Internal medicine,Lakemont,40.89621015661714,-75.22378114440609,ORG-0011,ADDR-0011,BANK-0011,2020-12-15,
P-0012,SYN9000407,Summit Medical Group,PRO,Orthopedics,Eastvale,40.98547954007968,-75.80502201201688,ORG-0012,ADDR-0012,BANK-0012,2016-01-27,
P-0013,SYN9000444,Orchard Health Associates,PRO,Family medicine,Lakemont,40.828297389443634,-75.27227391085367,ORG-0013,ADDR-0013,BANK-0013,2019-02-25,
P-0014,SYN9000481,Silver Family Care,PRO,Internal medicine,Stonebridge,40.234214491907366,-76.42065170438967,ORG-0014,ADDR-0014,BANK-0014,2017-12-25,
P-0015,SYN9000518,Bright Primary Care,PRO,Pain management,Eastvale,40.798636956387845,-75.6925884681829,ORG-0015,ADDR-0015,BANK-0015,2021-09-12,
P-0016,SYN9000555,Maple Clinic,PRO,Family medicine,Lakemont,40.83188548967486,-75.20928799929769,ORG-0016,ADDR-0016,BANK-0016,2021-11-19,
P-0017,SYN9000592,Beacon Physicians,PRO,Internal medicine,Fairhaven,40.59029457063873,-76.08869843474197,ORG-0017,ADDR-0017,BANK-0017,2016-07-06,
P-0018,SYN9000629,Summit Family Care,PRO,Internal medicine,Stonebridge,40.22169528529141,-76.423189314588,ORG-0018,ADDR-0018,BANK-0018,2017-11-07,
P-0019,SYN9000666,Union Family Care,PRO,Pain management,Lakemont,40.834122970592304,-75.16007811797469,ORG-0019,ADDR-0019,BANK-0019,2019-09-16,
P-0020,SYN9000703,Granite Physicians,PRO,Cardiology,Lakemont,40.782935411594586,-75.17220672440044,ORG-0020,ADDR-0020,BANK-0020,2021-04-26,
P-0021,SYN9000740,Pioneer Primary Care,PRO,Orthopedics,Stonebridge,40.11547590999065,-76.4039373930764,ORG-0021,ADDR-0021,BANK-0021,2016-11-05,
P-0022,SYN9000777,Willow Health Associates,PRO,Internal medicine,Lakemont,40.81839372825371,-75.24436849375492,ORG-0022,ADDR-0022,BANK-0022,2019-11-10,
P-0023,SYN9000814,Valley Physicians,PRO,Internal medicine,Eastvale,40.86293081737798,-75.6684391814524,ORG-0023,ADDR-0023,BANK-0023,2023-01-19,
P-0024,SYN9000851,Maple Medical Group,PRO,Pain management,Lakemont,40.783490295363784,-75.2289464490605,ORG-0024,ADDR-0024,BANK-0024,2016-11-11,
P-0025,SYN9000888,Willow Family Care,PRO,Pain management,Eastvale,40.86977450779529,-75.7584624201237,ORG-0025,ADDR-0025,BANK-0025,2020-04-02,
P-0026,SYN9000925,Heron Primary Care,PRO,Family medicine,Pinecrest,40.43292128723724,-75.94010931175809,ORG-0026,ADDR-0026,BANK-0026,2020-01-08,
P-0027,SYN9000962,Clear Physicians,PRO,Cardiology,Pinecrest,40.334523952136706,-75.8275827354113,ORG-0027,ADDR-0027,BANK-0027,2020-07-11,
P-0028,SYN9000999,Ridge Physicians,PRO,Orthopedics,Eastvale,40.960847356361576,-75.68899099808992,ORG-0028,ADDR-0028,BANK-0028,2021-03-31,
P-0029,SYN9001036,Harbor Health Associates,PRO,Cardiology,Eastvale,40.91266730511632,-75.64203764734762,ORG-0029,ADDR-0029,BANK-0029,2018-11-06,
P-0030,SYN9001073,Orchard Family Care,PRO,Pain management,Eastvale,40.95556996314594,-75.72396681566548,ORG-0030,ADDR-0030,BANK-0030,2021-02-10,
P-0031,SYN9001110,Clear Primary Care,PRO,Internal medicine,Lakemont,40.89899209149049,-75.15309253304075,ORG-0031,ADDR-0031,BANK-0031,2019-07-21,
P-0032,SYN9001147,Harbor Family Care,PRO,Internal medicine,Fairhaven,40.60112965612814,-76.03007520218091,ORG-0032,ADDR-0032,BANK-0032,2022-11-12,
P-0033,SYN9001184,Summit Primary Care,PRO,Cardiology,Fairhaven,40.509878187207974,-76.00787136845165,ORG-0033,ADDR-0033,BANK-0033,2017-01-24,
P-0034,SYN9001221,Silver Health Associates,PRO,Cardiology,Rivergate,40.05530565748102,-75.1756824870022,ORG-0034,ADDR-0034,BANK-0034,2021-10-09,
P-0035,SYN9001258,Juniper Health Associates,PRO,Cardiology,Eastvale,40.83965477595516,-75.66164256838502,ORG-0035,ADDR-0035,BANK-0035,2018-10-25,
P-0036,SYN9001295,Heron Family Care,PRO,Pain management,Lakemont,40.774906267842745,-75.22505851876639,ORG-0036,ADDR-0036,BANK-0036,2021-05-17,
P-0037,SYN9001332,Granite Clinic,PRO,Pain management,Fairhaven,40.6039823989033,-76.00424095195133,ORG-0037,ADDR-0037,BANK-0037,2022-01-13,
P-0038,SYN9001369,Juniper Clinic,PRO,Family medicine,Eastvale,40.79989063664884,-75.68368882895572,ORG-0038,ADDR-0038,BANK-0038,2022-02-16,
P-0039,SYN9001406,Crest Clinic,PRO,Cardiology,Eastvale,40.917123774667076,-75.6394771205242,ORG-0039,ADDR-0039,BANK-0039,2018-01-14,
P-0040,SYN9001443,Union Medical Group,PRO,Family medicine,Pinecrest,40.37448216733571,-75.92445665458351,ORG-0040,ADDR-0040,BANK-0040,2022-12-21,
P-0041,SYN9001480,Valley Health Associates,PRO,Pain management,Pinecrest,40.464868263140005,-75.98706595423023,ORG-0041,ADDR-0041,BANK-0041,2017-05-07,
P-0042,SYN9001517,Heron Health Associates,PRO,Internal medicine,Rivergate,40.09452544274115,-75.31398209065631,ORG-0042,ADDR-0042,BANK-0042,2019-11-19,
P-0043,SYN9001554,Union Health Associates,PRO,Pain management,Pinecrest,40.43431843804037,-75.89923072714181,ORG-0043,ADDR-0043,BANK-0043,2019-12-22,
P-0044,SYN9001591,Prairie Physicians,PRO,Orthopedics,Fairhaven,40.596347847202935,-75.99452310156323,ORG-0044,ADDR-0044,BANK-0044,2021-10-23,
P-0045,SYN9001628,Coastal Physicians,PRO,Cardiology,Lakemont,40.77301109921341,-75.13416549319086,ORG-0045,ADDR-0045,BANK-0045,2020-09-19,
P-0046,SYN9001665,Cedar Primary Care,PRO,Pain management,Stonebridge,40.169376427829796,-76.38416564608471,ORG-0046,ADDR-0046,BANK-0046,2017-10-16,
P-0047,SYN9001702,Northstar Diagnostics,LAB,Independent laboratory,Rivergate,40.01586218045656,-75.2593541514182,ORG-A,ADDR-0047,BANK-0047,2016-08-17,
P-0048,SYN9001739,Silver Laboratories,LAB,Independent laboratory,Stonebridge,40.19851863425754,-76.45505568469625,ORG-0048,ADDR-0048,BANK-0048,2016-05-19,
P-0049,SYN9001776,Oak Laboratories,LAB,Independent laboratory,Stonebridge,40.29227668553117,-76.35660492557878,ORG-0049,ADDR-0049,BANK-0049,2018-09-10,
P-0050,SYN9001813,Dialysis Reference Laboratory,LAB,Independent laboratory,Pinecrest,40.54902475314423,-75.7951890084172,ORG-0050,ADDR-0050,BANK-0050,2021-05-12,Serves dialysis patients: frequent monitoring labs can be appropriate.
P-0051,SYN9001850,Oak Clinical Lab,LAB,Independent laboratory,Fairhaven,40.66609087982725,-75.96135453548749,ORG-0051,ADDR-0051,BANK-0051,2022-11-12,
P-0052,SYN9001887,Juniper Clinical Lab,LAB,Independent laboratory,Lakemont,40.835290080042576,-75.18732221400296,ORG-0052,ADDR-0052,BANK-0052,2019-01-25,
P-0053,SYN9001924,Pioneer Diagnostics,LAB,Independent laboratory,Lakemont,40.766175993796,-75.19230059057962,ORG-0053,ADDR-0053,BANK-0053,2019-03-23,
P-0054,SYN9001961,Lake Clinical Lab,LAB,Independent laboratory,Lakemont,40.87213753941081,-75.1106428880487,ORG-0054,ADDR-0054,BANK-0054,2019-07-28,
P-0055,SYN9001998,Valley Diagnostics,LAB,Independent laboratory,Rivergate,40.097193622277956,-75.34635907416954,ORG-0055,ADDR-0055,BANK-0055,2019-06-04,
P-0056,SYN9002035,Bright Clinical Lab,LAB,Independent laboratory,Lakemont,40.796556224511846,-75.2055551178977,ORG-0056,ADDR-0056,BANK-0056,2022-11-17,
P-0057,SYN9002072,Orchard Clinical Lab,LAB,Independent laboratory,Eastvale,40.88543864340804,-75.6769896203531,ORG-0057,ADDR-0057,BANK-0057,2020-06-09,
P-0058,SYN9002109,Coastal Clinical Lab,LAB,Independent laboratory,Fairhaven,40.604598094950916,-75.96279994460934,ORG-0058,ADDR-0058,BANK-0058,2022-07-01,
P-0059,SYN9002146,Prairie Diagnostics,LAB,Independent laboratory,Fairhaven,40.5782392549206,-76.02186639528541,ORG-0059,ADDR-0059,BANK-0059,2016-11-24,
P-0060,SYN9002183,Coastal Laboratories,LAB,Independent laboratory,Rivergate,40.09581089153134,-75.28463393026364,ORG-0060,ADDR-0060,BANK-0060,2016-09-02,
P-0061,SYN9002220,Union Medical Center,FAC,Acute care hospital,Fairhaven,40.54577004456364,-76.01389607406756,ORG-0061,ADDR-0061,BANK-0061,2017-02-20,
P-0062,SYN9002257,Union Community Hospital,FAC,Acute care hospital,Stonebridge,40.18131681476298,-76.39397644335995,ORG-0062,ADDR-0062,BANK-0062,2019-10-27,
P-0063,SYN9002294,Riverbend Medical Center,FAC,Acute care hospital,Pinecrest,40.5640278234975,-75.9066045770187,ORG-0063,ADDR-0063,BANK-0063,2017-04-22,
P-0064,SYN9002331,Cedar Medical Center,FAC,Acute care hospital,Rivergate,40.0965202986019,-75.35707968389278,ORG-0064,ADDR-0064,BANK-0064,2017-04-15,
P-0065,SYN9002368,Granite Community Hospital,FAC,Acute care hospital,Eastvale,40.88806697176141,-75.70105567925117,ORG-0065,ADDR-0065,BANK-0065,2020-10-13,
P-0066,SYN9002405,Willow Regional Hospital,FAC,Acute care hospital,Stonebridge,40.226618713955254,-76.35614242389691,ORG-0066,ADDR-0066,BANK-0066,2022-12-11,
P-0067,SYN9002442,Clear Regional Hospital,FAC,Acute care hospital,Lakemont,40.83540609108517,-75.24835091457709,ORG-0067,ADDR-0067,BANK-0067,2016-12-27,
P-0068,SYN9002479,Maple Regional Hospital,FAC,Acute care hospital,Eastvale,40.844311557041394,-75.71205458743874,ORG-0068,ADDR-0068,BANK-0068,2018-11-23,
P-0069,SYN9002516,Maple Medical Center,FAC,Acute care hospital,Stonebridge,40.18964206085984,-76.36676099677715,ORG-0069,ADDR-0069,BANK-0069,2020-01-07,
P-0070,SYN9002553,Lake Medical Center,FAC,Acute care hospital,Rivergate,40.14591379204674,-75.35349325533736,ORG-0070,ADDR-0070,BANK-0070,2016-10-27,
P-0071,SYN9002590,Keystone Compounding Pharmacy,PHARM,Retail pharmacy,Fairhaven,40.613491881453605,-75.9908680831246,ORG-C,ADDR-0071,BANK-0071,2016-03-01,
P-0072,SYN9002627,Keystone Express Rx,PHARM,Retail pharmacy,Fairhaven,40.60609770217509,-76.05300649094767,ORG-C,ADDR-0072,BANK-0072,2016-10-22,
P-0073,SYN9002664,CityChain Pharmacy #12,PHARM,Retail pharmacy,Rivergate,40.17770088343044,-75.24326847495831,ORG-D,ADDR-0073,BANK-0073,2023-05-12,Chain pharmacy: shared ownership is routine.
P-0074,SYN9002701,CityChain Pharmacy #47,PHARM,Retail pharmacy,Rivergate,40.06611136201802,-75.184358930906,ORG-D,ADDR-0074,BANK-0074,2023-05-30,Chain pharmacy: shared ownership is routine.
P-0075,SYN9002738,Oak Drug,PHARM,Retail pharmacy,Fairhaven,40.60413729475538,-75.89888723578771,ORG-0075,ADDR-0075,BANK-0075,2019-09-16,
P-0076,SYN9002775,Summit Pharmacy,PHARM,Retail pharmacy,Stonebridge,40.17399706673725,-76.41095903388866,ORG-0076,ADDR-0076,BANK-0076,2019-06-16,
P-0077,SYN9002812,Silver Apothecary,PHARM,Retail pharmacy,Lakemont,40.87451541145381,-75.16299004356297,ORG-0077,ADDR-0077,BANK-0077,2021-08-30,
P-0078,SYN9002849,Lake Pharmacy,PHARM,Retail pharmacy,Eastvale,40.802406980036174,-75.693950113575,ORG-0078,ADDR-0078,BANK-0078,2020-08-16,
P-0079,SYN9002886,Cedar Pharmacy,PHARM,Retail pharmacy,Lakemont,40.76649291522581,-75.19489470519653,ORG-0079,ADDR-0079,BANK-0079,2019-02-12,
P-0080,SYN9002923,Maple Drug,PHARM,Retail pharmacy,Pinecrest,40.423542151698605,-75.82261214695312,ORG-0080,ADDR-0080,BANK-0080,2017-08-17,
P-0081,SYN9002960,Beacon Apothecary,PHARM,Retail pharmacy,Eastvale,40.93317698115858,-75.76595897880921,ORG-0081,ADDR-0081,BANK-0081,2017-08-26,
P-0082,SYN9002997,Ridge Apothecary,PHARM,Retail pharmacy,Lakemont,40.83031377380547,-75.1472352701267,ORG-0082,ADDR-0082,BANK-0082,2022-11-22,
P-0083,SYN9003034,Granite Pharmacy,PHARM,Retail pharmacy,Stonebridge,40.269759713011936,-76.40244879975779,ORG-0083,ADDR-0083,BANK-0083,2020-07-08,
P-0084,SYN9003071,Ridge Pharmacy,PHARM,Retail pharmacy,Stonebridge,40.121298357883134,-76.3295729689698,ORG-0084,ADDR-0084,BANK-0084,2021-06-04,
P-0085,SYN9003108,Rapid Response Transport,AMB,Ground ambulance,Stonebridge,40.23752375045153,-76.39063833155504,ORG-0085,ADDR-0085,BANK-0085,2021-03-28,
P-0086,SYN9003145,Ridge Ambulance,AMB,Ground ambulance,Pinecrest,40.43533600678559,-75.93363359972632,ORG-0086,ADDR-0086,BANK-0086,2017-03-23,
P-0087,SYN9003182,Juniper EMS,AMB,Ground ambulance,Stonebridge,40.16671873813709,-76.38614298116244,ORG-0087,ADDR-0087,BANK-0087,2020-03-01,
P-0088,SYN9003219,Harbor Medical Transport,AMB,Ground ambulance,Stonebridge,40.22697842666863,-76.36320164524852,ORG-0088,ADDR-0088,BANK-0088,2019-11-09,
P-0089,SYN9003256,Cedar Ambulance,AMB,Ground ambulance,Pinecrest,40.40399302086322,-75.89821181629445,ORG-0089,ADDR-0089,BANK-0089,2015-12-14,
P-0090,SYN9003293,Clear EMS,AMB,Ground ambulance,Rivergate,39.99615433523429,-75.27559808617217,ORG-0090,ADDR-0090,BANK-0090,2019-12-25,
P-0091,SYN9003330,Beacon Ambulance,AMB,Ground ambulance,Fairhaven,40.58148907555387,-76.0260837587851,ORG-0091,ADDR-0091,BANK-0091,2017-09-10,
P-0092,SYN9003367,Prairie Medical Transport,AMB,Ground ambulance,Pinecrest,40.37511145741791,-76.00669419504226,ORG-0092,ADDR-0092,BANK-0092,2016-01-12,
P-0093,SYN9003404,Summit Behavioral Wellness,BH,Outpatient behavioral health,Pinecrest,40.41755420894647,-75.85499882081133,ORG-0093,ADDR-0093,BANK-0093,2015-12-21,
P-0094,SYN9003441,Bright Behavioral Health,BH,Outpatient behavioral health,Eastvale,40.91857773818755,-75.66504201319079,ORG-0094,ADDR-0094,BANK-0094,2021-01-01,
P-0095,SYN9003478,Lake Wellness Center,BH,Outpatient behavioral health,Lakemont,40.815599987280706,-75.19259108076929,ORG-0095,ADDR-0095,BANK-0095,2020-05-11,
P-0096,SYN9003515,Summit Behavioral Health,BH,Outpatient behavioral health,Fairhaven,40.67934497244893,-75.99657947188949,ORG-0096,ADDR-0096,BANK-0096,2023-02-19,
P-0097,SYN9003552,Juniper Wellness Center,BH,Outpatient behavioral health,Lakemont,40.790017262652825,-75.14818521153227,ORG-0097,ADDR-0097,BANK-0097,2017-09-19,
P-0098,SYN9003589,Ridge Behavioral Health,BH,Outpatient behavioral health,Stonebridge,40.12333342047261,-76.42285533627383,ORG-0098,ADDR-0098,BANK-0098,2020-06-12,
P-0099,SYN9003626,Falcon Behavioral Health,BH,Outpatient behavioral health,Pinecrest,40.41219515716822,-75.93532670326793,ORG-0099,ADDR-0099,BANK-0099,2023-05-11,
P-0100,SYN9003663,Oak Behavioral Health,BH,Outpatient behavioral health,Fairhaven,40.554030788768685,-76.0094274934748,ORG-0100,ADDR-0100,BANK-0100,2022-04-12,
P-0101,SYN9003700,Willow Behavioral Health,BH,Outpatient behavioral health,Eastvale,40.83910874207709,-75.64054514057243,ORG-0101,ADDR-0101,BANK-0101,2022-02-03,
P-0102,SYN9003737,Bright Counseling,BH,Outpatient behavioral health,Stonebridge,40.221768359750776,-76.46935564521323,ORG-0102,ADDR-0102,BANK-0102,2022-10-29,
P-0103,SYN9003774,Valley Wellness Center,BH,Outpatient behavioral health,Stonebridge,40.16773838310174,-76.3404085003693,ORG-0103,ADDR-0103,BANK-0103,2022-12-01,
P-0104,SYN9003811,Coastal Behavioral Health,BH,Outpatient behavioral health,Fairhaven,40.501131359165655,-76.03196264271027,ORG-0104,ADDR-0104,BANK-0104,2019-02-06,
P-0105,SYN9003848,Lake Counseling,BH,Outpatient behavioral health,Pinecrest,40.484846140155966,-75.9550371749862,ORG-0105,ADDR-0105,BANK-0105,2021-08-30,
P-0106,SYN9003885,Clear Behavioral Health,BH,Outpatient behavioral health,Fairhaven,40.594428671564664,-75.93699690819288,ORG-0106,ADDR-0106,BANK-0106,2016-02-22,
P-0107,SYN9003922,CarePath Home Health,HH,Home health agency,Lakemont,40.81784186391762,-75.20484450473981,ORG-0107,ADDR-B,BANK-0107,2019-01-27,
P-0108,SYN9003959,Sunrise Home Care,HH,Home health agency,Eastvale,40.905286077235,-75.76501171821926,ORG-0108,ADDR-0108,BANK-0108,2019-01-05,
P-0109,SYN9003996,Summit Home Care,HH,Home health agency,Eastvale,40.93158273670742,-75.71793665295283,ORG-0109,ADDR-0109,BANK-0109,2019-06-09,
P-0110,SYN9004033,Willow Visiting Nurses,HH,Home health agency,Lakemont,40.80190093735077,-75.15344737845565,ORG-0110,ADDR-0110,BANK-0110,2018-06-30,
P-0111,SYN9004070,Union Visiting Nurses,HH,Home health agency,Lakemont,40.86181012417391,-75.14039629036891,ORG-0111,ADDR-0111,BANK-0111,2017-06-16,
P-0112,SYN9004107,Ridge Home Health,HH,Home health agency,Fairhaven,40.621249139498865,-76.02135493409605,ORG-0112,ADDR-0112,BANK-0112,2020-12-21,
P-0113,SYN9004144,Summit Home Health,HH,Home health agency,Lakemont,40.819603381169415,-75.17968396204513,ORG-0113,ADDR-0113,BANK-0113,2018-10-01,
P-0114,SYN9004181,Orchard Home Care,HH,Home health agency,Eastvale,40.920493345884125,-75.66429576838028,ORG-0114,ADDR-0114,BANK-0114,2019-01-28,
P-0115,SYN9004218,Silver Visiting Nurses,HH,Home health agency,Rivergate,40.027168112871564,-75.33223132468582,ORG-0115,ADDR-0115,BANK-0115,2018-03-13,
P-0116,SYN9004255,Granite Visiting Nurses,HH,Home health agency,Lakemont,40.79176821240981,-75.18224819624169,ORG-0116,ADDR-0116,BANK-0116,2017-09-08,
P-0117,SYN9004292,Juniper Home Health,HH,Home health agency,Lakemont,40.78703417552252,-75.20159389573779,ORG-0117,ADDR-0117,BANK-0117,2017-08-06,
P-0118,SYN9004329,Coastal Visiting Nurses,HH,Home health agency,Fairhaven,40.61037733605803,-76.02680122052365,ORG-0118,ADDR-0118,BANK-0118,2018-12-09,
P-0119,SYN9004366,Meridian Mobility Supply,DME,Durable medical equipment,Lakemont,40.73206529178518,-75.22460739676895,ORG-0119,ADDR-B,BANK-B,2022-11-28,
P-0120,SYN9004403,Atlas Home Medical,DME,Durable medical equipment,Lakemont,40.881705738844644,-75.19664827590664,ORG-0120,ADDR-B,BANK-B,2017-04-20,
P-0121,SYN9004440,Orchard Medical Supply,DME,Durable medical equipment,Eastvale,40.905219433207826,-75.69850732565207,ORG-0121,ADDR-0121,BANK-0121,2016-01-12,
P-0122,SYN9004477,Heron Medical Supply,DME,Durable medical equipment,Eastvale,40.83943412296747,-75.72827449766622,ORG-0122,ADDR-0122,BANK-0122,2019-03-27,
P-0123,SYN9004514,Harbor Home Medical,DME,Durable medical equipment,Fairhaven,40.51455565182106,-76.02129725542001,ORG-0123,ADDR-0123,BANK-0123,2020-01-31,
P-0124,SYN9004551,Union Mobility Equipment,DME,Durable medical equipment,Stonebridge,40.18593563531397,-76.34433313808299,ORG-0124,ADDR-0124,BANK-0124,2021-12-08,
P-0125,SYN9004588,Cedar Medical Supply,DME,Durable medical equipment,Stonebridge,40.19551622935368,-76.38930864324115,ORG-0125,ADDR-0125,BANK-0125,2019-12-08,
P-0126,SYN9004625,Juniper Mobility Equipment,DME,Durable medical equipment,Pinecrest,40.414085395701285,-75.8557452816706,ORG-0126,ADDR-0126,BANK-0126,2018-12-27,
P-0127,SYN9004662,Juniper Medical Supply,DME,Durable medical equipment,Pinecrest,40.454605691396196,-75.83990888840313,ORG-0127,ADDR-0127,BANK-0127,2017-07-06,
P-0128,SYN9004699,Willow Mobility Equipment,DME,Durable medical equipment,Stonebridge,40.16794121163802,-76.37055788701802,ORG-0128,ADDR-0128,BANK-0128,2019-09-10,
P-0129,SYN9004736,Crest Home Medical,DME,Durable medical equipment,Eastvale,40.927582912585315,-75.58645568433089,ORG-0129,ADDR-0129,BANK-0129,2022-01-23,
P-0130,SYN9004773,Valley Medical Supply,DME,Durable medical equipment,Eastvale,40.86377290908055,-75.74126520158819,ORG-0130,ADDR-0130,BANK-0130,2022-03-08,
P-0131,SYN9004810,Union Medical Supply,DME,Durable medical equipment,Lakemont,40.79807498874475,-75.15957952034589,ORG-0131,ADDR-0131,BANK-0131,2019-05-12,
P-0132,SYN9004847,Summit Mobility Equipment,DME,Durable medical equipment,Eastvale,40.94894195866811,-75.71590719865156,ORG-0132,ADDR-0132,BANK-0132,2018-09-16,
