entity_a,entity_b,relationship_type,source
P-0001,ORG-A,owned_by,enrollment_ownership_disclosure
P-0002,ORG-A,owned_by,enrollment_ownership_disclosure
P-0003,ORG-0003,owned_by,enrollment_ownership_disclosure
P-0004,ORG-0004,owned_by,enrollment_ownership_disclosure
P-0005,ORG-0005,owned_by,enrollment_ownership_disclosure
P-0006,ORG-0006,owned_by,enrollment_ownership_disclosure
P-0007,ORG-0007,owned_by,enrollment_ownership_disclosure
P-0008,ORG-0008,owned_by,enrollment_ownership_disclosure
P-0009,ORG-0009,owned_by,enrollment_ownership_disclosure
P-0010,ORG-0010,owned_by,enrollment_ownership_disclosure
P-0011,ORG-0011,owned_by,enrollment_ownership_disclosure
P-0012,ORG-0012,owned_by,enrollment_ownership_disclosure
P-0013,ORG-0013,owned_by,enrollment_ownership_disclosure
P-0014,ORG-0014,owned_by,enrollment_ownership_disclosure
P-0015,ORG-0015,owned_by,enrollment_ownership_disclosure
P-0016,ORG-0016,owned_by,enrollment_ownership_disclosure
P-0017,ORG-0017,owned_by,enrollment_ownership_disclosure
P-0018,ORG-0018,owned_by,enrollment_ownership_disclosure
P-0019,ORG-0019,owned_by,enrollment_ownership_disclosure
P-0020,ORG-0020,owned_by,enrollment_ownership_disclosure
P-0021,ORG-0021,owned_by,enrollment_ownership_disclosure
P-0022,ORG-0022,owned_by,enrollment_ownership_disclosure
P-0023,ORG-0023,owned_by,enrollment_ownership_disclosure
P-0024,ORG-0024,owned_by,enrollment_ownership_disclosure
P-0025,ORG-0025,owned_by,enrollment_ownership_disclosure
P-0026,ORG-0026,owned_by,enrollment_ownership_disclosure
P-0027,ORG-0027,owned_by,enrollment_ownership_disclosure
P-0028,ORG-0028,owned_by,enrollment_ownership_disclosure
P-0029,ORG-0029,owned_by,enrollment_ownership_disclosure
P-0030,ORG-0030,owned_by,enrollment_ownership_disclosure
P-0031,ORG-0031,owned_by,enrollment_ownership_disclosure
P-0032,ORG-0032,owned_by,enrollment_ownership_disclosure
P-0033,ORG-0033,owned_by,enrollment_ownership_disclosure
P-0034,ORG-0034,owned_by,enrollment_ownership_disclosure
P-0035,ORG-0035,owned_by,enrollment_ownership_disclosure
P-0036,ORG-0036,owned_by,enrollment_ownership_disclosure
P-0037,ORG-0037,owned_by,enrollment_ownership_disclosure
P-0038,ORG-0038,owned_by,enrollment_ownership_disclosure
P-0039,ORG-0039,owned_by,enrollment_ownership_disclosure
P-0040,ORG-0040,owned_by,enrollment_ownership_disclosure
P-0041,ORG-0041,owned_by,enrollment_ownership_disclosure
P-0042,ORG-0042,owned_by,enrollment_ownership_disclosure
P-0043,ORG-0043,owned_by,enrollment_ownership_disclosure
P-0044,ORG-0044,owned_by,enrollment_ownership_disclosure
P-0045,ORG-0045,owned_by,enrollment_ownership_disclosure
P-0046,ORG-0046,owned_by,enrollment_ownership_disclosure
P-0047,ORG-A,owned_by,enrollment_ownership_disclosure
P-0048,ORG-0048,owned_by,enrollment_ownership_disclosure
P-0049,ORG-0049,owned_by,enrollment_ownership_disclosure
P-0050,ORG-0050,owned_by,enrollment_ownership_disclosure
P-0051,ORG-0051,owned_by,enrollment_ownership_disclosure
P-0052,ORG-0052,owned_by,enrollment_ownership_disclosure
P-0053,ORG-0053,owned_by,enrollment_ownership_disclosure
P-0054,ORG-0054,owned_by,enrollment_ownership_disclosure
P-0055,ORG-0055,owned_by,enrollment_ownership_disclosure
P-0056,ORG-0056,owned_by,enrollment_ownership_disclosure
P-0057,ORG-0057,owned_by,enrollment_ownership_disclosure
P-0058,ORG-0058,owned_by,enrollment_ownership_disclosure
P-0059,ORG-0059,owned_by,enrollment_ownership_disclosure
P-0060,ORG-0060,owned_by,enrollment_ownership_disclosure
P-0061,ORG-0061,owned_by,enrollment_ownership_disclosure
P-0062,ORG-0062,owned_by,enrollment_ownership_disclosure
P-0063,ORG-0063,owned_by,enrollment_ownership_disclosure
P-0064,ORG-0064,owned_by,enrollment_ownership_disclosure
P-0065,ORG-0065,owned_by,enrollment_ownership_disclosure
P-0066,ORG-0066,owned_by,enrollment_ownership_disclosure
P-0067,ORG-0067,owned_by,enrollment_ownership_disclosure
P-0068,ORG-0068,owned_by,enrollment_ownership_disclosure
P-0069,ORG-0069,owned_by,enrollment_ownership_disclosure
P-0070,ORG-0070,owned_by,enrollment_ownership_disclosure
P-0071,ORG-C,owned_by,enrollment_ownership_disclosure
P-0072,ORG-C,owned_by,enrollment_ownership_disclosure
P-0073,ORG-D,owned_by,enrollment_ownership_disclosure
P-0074,ORG-D,owned_by,enrollment_ownership_disclosure
P-0075,ORG-0075,owned_by,enrollment_ownership_disclosure
P-0076,ORG-0076,owned_by,enrollment_ownership_disclosure
P-0077,ORG-0077,owned_by,enrollment_ownership_disclosure
P-0078,ORG-0078,owned_by,enrollment_ownership_disclosure
P-0079,ORG-0079,owned_by,enrollment_ownership_disclosure
P-0080,ORG-0080,owned_by,enrollment_ownership_disclosure
P-0081,ORG-0081,owned_by,enrollment_ownership_disclosure
P-0082,ORG-0082,owned_by,enrollment_ownership_disclosure
P-0083,ORG-0083,owned_by,enrollment_ownership_disclosure
P-0084,ORG-0084,owned_by,enrollment_ownership_disclosure
P-0085,ORG-0085,owned_by,enrollment_ownership_disclosure
P-0086,ORG-0086,owned_by,enrollment_ownership_disclosure
P-0087,ORG-0087,owned_by,enrollment_ownership_disclosure
P-0088,ORG-0088,owned_by,enrollment_ownership_disclosure
P-0089,ORG-0089,owned_by,enrollment_ownership_disclosure
P-0090,ORG-0090,owned_by,enrollment_ownership_disclosure
P-0091,ORG-0091,owned_by,enrollment_ownership_disclosure
P-0092,ORG-0092,owned_by,enrollment_ownership_disclosure
P-0093,ORG-0093,owned_by,enrollment_ownership_disclosure
P-0094,ORG-0094,owned_by,enrollment_ownership_disclosure
P-0095,ORG-0095,owned_by,enrollment_ownership_disclosure
P-0096,ORG-0096,owned_by,enrollment_ownership_disclosure
P-0097,ORG-0097,owned_by,enrollment_ownership_disclosure
P-0098,ORG-0098,owned_by,enrollment_ownership_disclosure
P-0099,ORG-0099,owned_by,enrollment_ownership_disclosure
P-0100,ORG-0100,owned_by,enrollment_ownership_disclosure
P-0101,ORG-0101,owned_by,enrollment_ownership_disclosure
P-0102,ORG-0102,owned_by,enrollment_ownership_disclosure
P-0103,ORG-0103,owned_by,enrollment_ownership_disclosure
P-0104,ORG-0104,owned_by,enrollment_ownership_disclosure
P-0105,ORG-0105,owned_by,enrollment_ownership_disclosure
P-0106,ORG-0106,owned_by,enrollment_ownership_disclosure
P-0107,ORG-0107,owned_by,enrollment_ownership_disclosure
P-0108,ORG-0108,owned_by,enrollment_ownership_disclosure
P-0109,ORG-0109,owned_by,enrollment_ownership_disclosure
P-0110,ORG-0110,owned_by,enrollment_ownership_disclosure
P-0111,ORG-0111,owned_by,enrollment_ownership_disclosure
P-0112,ORG-0112,owned_by,enrollment_ownership_disclosure
P-0113,ORG-0113,owned_by,enrollment_ownership_disclosure
P-0114,ORG-0114,owned_by,enrollment_ownership_disclosure
P-0115,ORG-0115,owned_by,enrollment_ownership_disclosure
P-0116,ORG-0116,owned_by,enrollment_ownership_disclosure
P-0117,ORG-0117,owned_by,enrollment_ownership_disclosure
P-0118,ORG-0118,owned_by,enrollment_ownership_disclosure
P-0119,ORG-0119,owned_by,enrollment_ownership_disclosure
P-0120,ORG-0120,owned_by,enrollment_ownership_disclosure
P-0121,ORG-0121,owned_by,enrollment_ownership_disclosure
P-0122,ORG-0122,owned_by,enrollment_ownership_disclosure
P-0123,ORG-0123,owned_by,enrollment_ownership_disclosure
P-0124,ORG-0124,owned_by,enrollment_ownership_disclosure
P-0125,ORG-0125,owned_by,enrollment_ownership_disclosure
P-0126,ORG-0126,owned_by,enrollment_ownership_disclosure
P-0127,ORG-0127,owned_by,enrollment_ownership_disclosure
P-0128,ORG-0128,owned_by,enrollment_ownership_disclosure
P-0129,ORG-0129,owned_by,enrollment_ownership_disclosure
P-0130,ORG-0130,owned_by,enrollment_ownership_disclosure
P-0131,ORG-0131,owned_by,enrollment_ownership_disclosure
P-0132,ORG-0132,owned_by,enrollment_ownership_disclosure
P-0001,ADDR-0001,located_at,provider_enrollment
P-0002,ADDR-0002,located_at,provider_enrollment
P-0003,ADDR-0003,located_at,provider_enrollment
P-0004,ADDR-0004,located_at,provider_enrollment
P-0005,ADDR-0005,located_at,provider_enrollment
P-0006,ADDR-0006,located_at,provider_enrollment
P-0007,ADDR-0007,located_at,provider_enrollment
P-0008,ADDR-0008,located_at,provider_enrollment
P-0009,ADDR-0009,located_at,provider_enrollment
P-0010,ADDR-0010,located_at,provider_enrollment
P-0011,ADDR-0011,located_at,provider_enrollment
P-0012,ADDR-0012,located_at,provider_enrollment
P-0013,ADDR-0013,located_at,provider_enrollment
P-0014,ADDR-0014,located_at,provider_enrollment
P-0015,ADDR-0015,located_at,provider_enrollment
P-0016,ADDR-0016,located_at,provider_enrollment
P-0017,ADDR-0017,located_at,provider_enrollment
P-0018,ADDR-0018,located_at,provider_enrollment
P-0019,ADDR-0019,located_at,provider_enrollment
P-0020,ADDR-0020,located_at,provider_enrollment
P-0021,ADDR-0021,located_at,provider_enrollment
P-0022,ADDR-0022,located_at,provider_enrollment
P-0023,ADDR-0023,located_at,provider_enrollment
P-0024,ADDR-0024,located_at,provider_enrollment
P-0025,ADDR-0025,located_at,provider_enrollment
P-0026,ADDR-0026,located_at,provider_enrollment
P-0027,ADDR-0027,located_at,provider_enrollment
P-0028,ADDR-0028,located_at,provider_enrollment
P-0029,ADDR-0029,located_at,provider_enrollment
P-0030,ADDR-0030,located_at,provider_enrollment
P-0031,ADDR-0031,located_at,provider_enrollment
P-0032,ADDR-0032,located_at,provider_enrollment
P-0033,ADDR-0033,located_at,provider_enrollment
P-0034,ADDR-0034,located_at,provider_enrollment
P-0035,ADDR-0035,located_at,provider_enrollment
P-0036,ADDR-0036,located_at,provider_enrollment
P-0037,ADDR-0037,located_at,provider_enrollment
P-0038,ADDR-0038,located_at,provider_enrollment
P-0039,ADDR-0039,located_at,provider_enrollment
P-0040,ADDR-0040,located_at,provider_enrollment
P-0041,ADDR-0041,located_at,provider_enrollment
P-0042,ADDR-0042,located_at,provider_enrollment
P-0043,ADDR-0043,located_at,provider_enrollment
P-0044,ADDR-0044,located_at,provider_enrollment
P-0045,ADDR-0045,located_at,provider_enrollment
P-0046,ADDR-0046,located_at,provider_enrollment
P-0047,ADDR-0047,located_at,provider_enrollment
P-0048,ADDR-0048,located_at,provider_enrollment
P-0049,ADDR-0049,located_at,provider_enrollment
P-0050,ADDR-0050,located_at,provider_enrollment
P-0051,ADDR-0051,located_at,provider_enrollment
P-0052,ADDR-0052,located_at,provider_enrollment
P-0053,ADDR-0053,located_at,provider_enrollment
P-0054,ADDR-0054,located_at,provider_enrollment
P-0055,ADDR-0055,located_at,provider_enrollment
P-0056,ADDR-0056,located_at,provider_enrollment
P-0057,ADDR-0057,located_at,provider_enrollment
P-0058,ADDR-0058,located_at,provider_enrollment
P-0059,ADDR-0059,located_at,provider_enrollment
P-0060,ADDR-0060,located_at,provider_enrollment
P-0061,ADDR-0061,located_at,provider_enrollment
P-0062,ADDR-0062,located_at,provider_enrollment
P-0063,ADDR-0063,located_at,provider_enrollment
P-0064,ADDR-0064,located_at,provider_enrollment
P-0065,ADDR-0065,located_at,provider_enrollment
P-0066,ADDR-0066,located_at,provider_enrollment
P-0067,ADDR-0067,located_at,provider_enrollment
P-0068,ADDR-0068,located_at,provider_enrollment
P-0069,ADDR-0069,located_at,provider_enrollment
P-0070,ADDR-0070,located_at,provider_enrollment
P-0071,ADDR-0071,located_at,provider_enrollment
P-0072,ADDR-0072,located_at,provider_enrollment
P-0073,ADDR-0073,located_at,provider_enrollment
P-0074,ADDR-0074,located_at,provider_enrollment
P-0075,ADDR-0075,located_at,provider_enrollment
P-0076,ADDR-0076,located_at,provider_enrollment
P-0077,ADDR-0077,located_at,provider_enrollment
P-0078,ADDR-0078,located_at,provider_enrollment
P-0079,ADDR-0079,located_at,provider_enrollment
P-0080,ADDR-0080,located_at,provider_enrollment
P-0081,ADDR-0081,located_at,provider_enrollment
P-0082,ADDR-0082,located_at,provider_enrollment
P-0083,ADDR-0083,located_at,provider_enrollment
P-0084,ADDR-0084,located_at,provider_enrollment
P-0085,ADDR-0085,located_at,provider_enrollment
P-0086,ADDR-0086,located_at,provider_enrollment
P-0087,ADDR-0087,located_at,provider_enrollment
P-0088,ADDR-0088,located_at,provider_enrollment
P-0089,ADDR-0089,located_at,provider_enrollment
P-0090,ADDR-0090,located_at,provider_enrollment
P-0091,ADDR-0091,located_at,provider_enrollment
P-0092,ADDR-0092,located_at,provider_enrollment
P-0093,ADDR-0093,located_at,provider_enrollment
P-0094,ADDR-0094,located_at,provider_enrollment
P-0095,ADDR-0095,located_at,provider_enrollment
P-0096,ADDR-0096,located_at,provider_enrollment
P-0097,ADDR-0097,located_at,provider_enrollment
P-0098,ADDR-0098,located_at,provider_enrollment
P-0099,ADDR-0099,located_at,provider_enrollment
P-0100,ADDR-0100,located_at,provider_enrollment
P-0101,ADDR-0101,located_at,provider_enrollment
P-0102,ADDR-0102,located_at,provider_enrollment
P-0103,ADDR-0103,located_at,provider_enrollment
P-0104,ADDR-0104,located_at,provider_enrollment
P-0105,ADDR-0105,located_at,provider_enrollment
P-0106,ADDR-0106,located_at,provider_enrollment
P-0107,ADDR-B,located_at,provider_enrollment
P-0108,ADDR-0108,located_at,provider_enrollment
P-0109,ADDR-0109,located_at,provider_enrollment
P-0110,ADDR-0110,located_at,provider_enrollment
P-0111,ADDR-0111,located_at,provider_enrollment
P-0112,ADDR-0112,located_at,provider_enrollment
P-0113,ADDR-0113,located_at,provider_enrollment
P-0114,ADDR-0114,located_at,provider_enrollment
P-0115,ADDR-0115,located_at,provider_enrollment
P-0116,ADDR-0116,located_at,provider_enrollment
P-0117,ADDR-0117,located_at,provider_enrollment
P-0118,ADDR-0118,located_at,provider_enrollment
P-0119,ADDR-B,located_at,provider_enrollment
P-0120,ADDR-B,located_at,provider_enrollment
P-0121,ADDR-0121,located_at,provider_enrollment
P-0122,ADDR-0122,located_at,provider_enrollment
P-0123,ADDR-0123,located_at,provider_enrollment
P-0124,ADDR-0124,located_at,provider_enrollment
P-0125,ADDR-0125,located_at,provider_enrollment
P-0126,ADDR-0126,located_at,provider_enrollment
P-0127,ADDR-0127,located_at,provider_enrollment
P-0128,ADDR-0128,located_at,provider_enrollment
P-0129,ADDR-0129,located_at,provider_enrollment
P-0130,ADDR-0130,located_at,provider_enrollment
P-0131,ADDR-0131,located_at,provider_enrollment
P-0132,ADDR-0132,located_at,provider_enrollment
P-0001,BANK-0001,paid_to_account,payment_remittance
P-0002,BANK-0002,paid_to_account,payment_remittance
P-0003,BANK-0003,paid_to_account,payment_remittance
P-0004,BANK-0004,paid_to_account,payment_remittance
P-0005,BANK-0005,paid_to_account,payment_remittance
P-0006,BANK-0006,paid_to_account,payment_remittance
P-0007,BANK-0007,paid_to_account,payment_remittance
P-0008,BANK-0008,paid_to_account,payment_remittance
P-0009,BANK-0009,paid_to_account,payment_remittance
P-0010,BANK-0010,paid_to_account,payment_remittance
P-0011,BANK-0011,paid_to_account,payment_remittance
P-0012,BANK-0012,paid_to_account,payment_remittance
P-0013,BANK-0013,paid_to_account,payment_remittance
P-0014,BANK-0014,paid_to_account,payment_remittance
P-0015,BANK-0015,paid_to_account,payment_remittance
P-0016,BANK-0016,paid_to_account,payment_remittance
P-0017,BANK-0017,paid_to_account,payment_remittance
P-0018,BANK-0018,paid_to_account,payment_remittance
P-0019,BANK-0019,paid_to_account,payment_remittance
P-0020,BANK-0020,paid_to_account,payment_remittance
P-0021,BANK-0021,paid_to_account,payment_remittance
P-0022,BANK-0022,paid_to_account,payment_remittance
P-0023,BANK-0023,paid_to_account,payment_remittance
P-0024,BANK-0024,paid_to_account,payment_remittance
P-0025,BANK-0025,paid_to_account,payment_remittance
P-0026,BANK-0026,paid_to_account,payment_remittance
P-0027,BANK-0027,paid_to_account,payment_remittance
P-0028,BANK-0028,paid_to_account,payment_remittance
P-0029,BANK-0029,paid_to_account,payment_remittance
P-0030,BANK-0030,paid_to_account,payment_remittance
P-0031,BANK-0031,paid_to_account,payment_remittance
P-0032,BANK-0032,paid_to_account,payment_remittance
P-0033,BANK-0033,paid_to_account,payment_remittance
P-0034,BANK-0034,paid_to_account,payment_remittance
P-0035,BANK-0035,paid_to_account,payment_remittance
P-0036,BANK-0036,paid_to_account,payment_remittance
P-0037,BANK-0037,paid_to_account,payment_remittance
P-0038,BANK-0038,paid_to_account,payment_remittance
P-0039,BANK-0039,paid_to_account,payment_remittance
P-0040,BANK-0040,paid_to_account,payment_remittance
P-0041,BANK-0041,paid_to_account,payment_remittance
P-0042,BANK-0042,paid_to_account,payment_remittance
P-0043,BANK-0043,paid_to_account,payment_remittance
P-0044,BANK-0044,paid_to_account,payment_remittance
P-0045,BANK-0045,paid_to_account,payment_remittance
P-0046,BANK-0046,paid_to_account,payment_remittance
P-0047,BANK-0047,paid_to_account,payment_remittance
P-0048,BANK-0048,paid_to_account,payment_remittance
P-0049,BANK-0049,paid_to_account,payment_remittance
P-0050,BANK-0050,paid_to_account,payment_remittance
P-0051,BANK-0051,paid_to_account,payment_remittance
P-0052,BANK-0052,paid_to_account,payment_remittance
P-0053,BANK-0053,paid_to_account,payment_remittance
P-0054,BANK-0054,paid_to_account,payment_remittance
P-0055,BANK-0055,paid_to_account,payment_remittance
P-0056,BANK-0056,paid_to_account,payment_remittance
P-0057,BANK-0057,paid_to_account,payment_remittance
P-0058,BANK-0058,paid_to_account,payment_remittance
P-0059,BANK-0059,paid_to_account,payment_remittance
P-0060,BANK-0060,paid_to_account,payment_remittance
P-0061,BANK-0061,paid_to_account,payment_remittance
P-0062,BANK-0062,paid_to_account,payment_remittance
P-0063,BANK-0063,paid_to_account,payment_remittance
P-0064,BANK-0064,paid_to_account,payment_remittance
P-0065,BANK-0065,paid_to_account,payment_remittance
P-0066,BANK-0066,paid_to_account,payment_remittance
P-0067,BANK-0067,paid_to_account,payment_remittance
P-0068,BANK-0068,paid_to_account,payment_remittance
P-0069,BANK-0069,paid_to_account,payment_remittance
P-0070,BANK-0070,paid_to_account,payment_remittance
P-0071,BANK-0071,paid_to_account,payment_remittance
P-0072,BANK-0072,paid_to_account,payment_remittance
P-0073,BANK-0073,paid_to_account,payment_remittance
P-0074,BANK-0074,paid_to_account,payment_remittance
P-0075,BANK-0075,paid_to_account,payment_remittance
P-0076,BANK-0076,paid_to_account,payment_remittance
P-0077,BANK-0077,paid_to_account,payment_remittance
P-0078,BANK-0078,paid_to_account,payment_remittance
P-0079,BANK-0079,paid_to_account,payment_remittance
P-0080,BANK-0080,paid_to_account,payment_remittance
P-0081,BANK-0081,paid_to_account,payment_remittance
P-0082,BANK-0082,paid_to_account,payment_remittance
P-0083,BANK-0083,paid_to_account,payment_remittance
P-0084,BANK-0084,paid_to_account,payment_remittance
P-0085,BANK-0085,paid_to_account,payment_remittance
P-0086,BANK-0086,paid_to_account,payment_remittance
P-0087,BANK-0087,paid_to_account,payment_remittance
P-0088,BANK-0088,paid_to_account,payment_remittance
P-0089,BANK-0089,paid_to_account,payment_remittance
P-0090,BANK-0090,paid_to_account,payment_remittance
P-0091,BANK-0091,paid_to_account,payment_remittance
P-0092,BANK-0092,paid_to_account,payment_remittance
P-0093,BANK-0093,paid_to_account,payment_remittance
P-0094,BANK-0094,paid_to_account,payment_remittance
P-0095,BANK-0095,paid_to_account,payment_remittance
P-0096,BANK-0096,paid_to_account,payment_remittance
P-0097,BANK-0097,paid_to_account,payment_remittance
P-0098,BANK-0098,paid_to_account,payment_remittance
P-0099,BANK-0099,paid_to_account,payment_remittance
P-0100,BANK-0100,paid_to_account,payment_remittance
P-0101,BANK-0101,paid_to_account,payment_remittance
P-0102,BANK-0102,paid_to_account,payment_remittance
P-0103,BANK-0103,paid_to_account,payment_remittance
P-0104,BANK-0104,paid_to_account,payment_remittance
P-0105,BANK-0105,paid_to_account,payment_remittance
P-0106,BANK-0106,paid_to_account,payment_remittance
P-0107,BANK-0107,paid_to_account,payment_remittance
P-0108,BANK-0108,paid_to_account,payment_remittance
P-0109,BANK-0109,paid_to_account,payment_remittance
P-0110,BANK-0110,paid_to_account,payment_remittance
P-0111,BANK-0111,paid_to_account,payment_remittance
P-0112,BANK-0112,paid_to_account,payment_remittance
P-0113,BANK-0113,paid_to_account,payment_remittance
P-0114,BANK-0114,paid_to_account,payment_remittance
P-0115,BANK-0115,paid_to_account,payment_remittance
P-0116,BANK-0116,paid_to_account,payment_remittance
P-0117,BANK-0117,paid_to_account,payment_remittance
P-0118,BANK-0118,paid_to_account,payment_remittance
P-0119,BANK-B,paid_to_account,payment_remittance
P-0120,BANK-B,paid_to_account,payment_remittance
P-0121,BANK-0121,paid_to_account,payment_remittance
P-0122,BANK-0122,paid_to_account,payment_remittance
P-0123,BANK-0123,paid_to_account,payment_remittance
P-0124,BANK-0124,paid_to_account,payment_remittance
P-0125,BANK-0125,paid_to_account,payment_remittance
P-0126,BANK-0126,paid_to_account,payment_remittance
P-0127,BANK-0127,paid_to_account,payment_remittance
P-0128,BANK-0128,paid_to_account,payment_remittance
P-0129,BANK-0129,paid_to_account,payment_remittance
P-0130,BANK-0130,paid_to_account,payment_remittance
P-0131,BANK-0131,paid_to_account,payment_remittance
P-0132,BANK-0132,paid_to_account,payment_remittance
